Model,Accuracy,F1-Score,ROC-AUC
Logistic Regression,0.9354375896700143,0.43037974683544306,0.8576118887160877
Random Forest,0.9325681492109039,0.3561643835616438,0.8775704164506652
XGBoost,0.9340028694404591,0.4888888888888889,0.8797304302747537
